held_out_srna,full_seq,n_test,n_pos,tabpfn_accuracy,tabpfn_correct,xgb_accuracy
CAAAUGACUCUCGGCAAUGG,CAAAUGACUCUCGGCAAUGG,1,0,1.0,1,0.0
CAGCCCUUUGUCGCUUCGAU...,CAGCCCUUUGUCGCUUCGAUUCGU,1,1,0.0,0,1.0
CCUCUCUCACCCCACCA,CCUCUCUCACCCCACCA,1,0,0.0,0,0.0
CCUCUCUCACCCCACCU,CCUCUCUCACCCCACCU,1,1,0.0,0,1.0
CCUCUCUCACCCCACUA,CCUCUCUCACCCCACUA,1,1,1.0,1,1.0
CCUCUCUCACCUCACCA,CCUCUCUCACCUCACCA,1,0,0.0,0,0.0
CCUCUCUCACUCCACCA,CCUCUCUCACUCCACCA,1,1,0.0,0,1.0
CCUCUCUCAUCCCACCA,CCUCUCUCAUCCCACCA,1,1,1.0,1,1.0
CGACUUAAAUACGCGACGGG...,CGACUUAAAUACGCGACGGGGUA,1,0,1.0,1,0.0
CGGAAAAAUAGCUCGACGCC...,CGGAAAAAUAGCUCGACGCCAGGA,1,0,1.0,1,0.0
CGGAAAAAUAGCUCGACGCC...,CGGAAAAAUAGCUCGACGCCAGGAU,1,0,1.0,1,0.0
CGGAAGAGCGUCGCAUG,CGGAAGAGCGUCGCAUG,1,0,0.0,0,0.0
CGGAAGAGCGUCGCAUGU,CGGAAGAGCGUCGCAUGU,1,1,0.0,0,1.0
CGGCACUUGCACAUGGGUUA,CGGCACUUGCACAUGGGUUA,1,1,0.0,0,1.0
CUCCCACUGUGGUCGCCA,CUCCCACUGUGGUCGCCA,1,0,1.0,1,0.0
CUGAGAGCUCUUUCUUGAUU...,CUGAGAGCUCUUUCUUGAUUCUA,1,0,1.0,1,0.0
CUGAUGUAUUCAACGAGUCU...,CUGAUGUAUUCAACGAGUCUA,1,0,1.0,1,0.0
CUUGCACAUGGGUUAGUCGA,CUUGCACAUGGGUUAGUCGA,1,0,1.0,1,0.0
CUUGCACAUGGGUUAGUCGA...,CUUGCACAUGGGUUAGUCGAUCCUA,1,1,0.0,0,1.0
GAAAUUUCAUCGUGAUGGGG...,GAAAUUUCAUCGUGAUGGGGAUAG,1,0,1.0,1,0.0
GAGGUGUAGGAUAAGUGGGA...,GAGGUGUAGGAUAAGUGGGAGCCGU,1,0,1.0,1,0.0
GCGACCCCAGGUCAGGCGGG...,GCGACCCCAGGUCAGGCGGGAGU,1,0,1.0,1,0.0
GGCAAAAUGGAUCCGUA,GGCAAAAUGGAUCCGUA,1,0,1.0,1,0.0
GGGGAUGUAGCUCAGAUGGU,GGGGAUGUAGCUCAGAUGGU,1,1,1.0,1,1.0
GGGGAUGUAGCUCAGAUGGU...,GGGGAUGUAGCUCAGAUGGUA,1,1,1.0,1,0.0
GGGGAUGUAGCUCAGAUGGU...,GGGGAUGUAGCUCAGAUGGUAGA,1,1,1.0,1,0.0
GUCGAUAUGUCCGAGUGG,GUCGAUAUGUCCGAGUGG,1,0,1.0,1,0.0
GUGCUCUGAAUGUCAAA,GUGCUCUGAAUGUCAAA,1,0,1.0,1,0.0
GUGCUCUGAAUGUCAAAGUG...,GUGCUCUGAAUGUCAAAGUGAAG,1,0,1.0,1,0.0
GUGCUCUGAAUGUCAAAGUG...,GUGCUCUGAAUGUCAAAGUGAAGA,1,0,1.0,1,0.0
GUUCAAUAAAGCUGUGGGAA...,GUUCAAUAAAGCUGUGGGAAG,1,0,1.0,1,0.0
GUUUGUUUGAUGGUACC,GUUUGUUUGAUGGUACC,1,0,1.0,1,0.0
GUUUGUUUGAUGGUACCU,GUUUGUUUGAUGGUACCU,1,0,1.0,1,0.0
GUUUGUUUGAUGGUAUCUG,GUUUGUUUGAUGGUAUCUG,1,0,1.0,1,0.0
UAGCAGCACAUCAUGGUUUG...,UAGCAGCACAUCAUGGUUUGU,1,0,1.0,1,0.0
UCCCAUCAGAACUCCGA,UCCCAUCAGAACUCCGA,1,0,1.0,1,0.0
UCCGUUGUCGUCCAGCG,UCCGUUGUCGUCCAGCG,1,0,1.0,1,0.0
UCCGUUGUCGUCCAGCGGUU...,UCCGUUGUCGUCCAGCGGUUAGGAUA,1,1,0.0,0,0.0
UGUAAACAAUUCCUAGGCAA...,UGUAAACAAUUCCUAGGCAAUGU,1,0,1.0,1,0.0
UGUGAUUUCUGCCCAGUGCU...,UGUGAUUUCUGCCCAGUGCUCUG,1,1,0.0,0,1.0
